"","PC1","PC2","PC3","PC4","PC5","PC6","PC7"
"isws_solRad",-0.550493330179344,0.0302637475123559,-0.236469754785605,0.16429655708104,-0.393188700636679,0.676645698676362,-0.0261369388401826
"isws_PET",-0.572684688109344,0.0230366537014246,-0.135172827359168,-0.0377089570733886,-0.366647886983944,-0.715080413785135,0.0776996182912066
"isws_Tavg",-0.412169488550429,-0.084783959991565,0.424830302746728,-0.739689277732489,0.266629042767265,0.152641281089169,0.0302749396763672
"isws_RHavg",0.223378807347311,-0.134429141636472,0.692355529468885,0.0532823453493476,-0.670021810846523,0.0278676968369032,0.0113882069641989
"day_night_ratio",-0.379068980089372,-0.190605288538768,0.457982484951682,0.645986406799944,0.435405945231039,-0.0421288365162062,0.0397084627440001
"running_PPET",0.00416146146225784,0.69181104581991,0.141216347349673,0.04871979167088,0.0265367693225673,0.0525784036738385,0.70398565013916
"running_precip",-0.0741414401116654,0.677023636989429,0.190481976092354,0.0439702638001872,0.0258681645307878,-0.0468540677532309,-0.70360557764976
"",1.69236973662407,1.42029115397375,1.24479488082439,0.614730368024937,0.413551163829663,0.122876358088448,0.0716018667513791
